,Mario Andretti
0,>Michael Ignatieff
1,>Jared Padalecki
2,>Aaron Schock
3,>Robert Falcon Scott
4,>Donna Brazile
5,>Olly Murs
6,>Jimmy Carl Black
7,>John Poindexter
8,>Saint Augustine
9,>Regina Brett
10,>Ryan Bethencourt
11,>Carol W. Greider
12,>Helmut Jahn
13,>Naveen Jain
14,>Alana Stewart
15,>Antonio Porchia
16,>Ethel Barrymore
17,>Ron White
18,>George Bernard Shaw
19,>Wayne Dyer
20,>Aristotle
21,>Fabrizio Moreira
22,>Dan Buettner
23,>Stephen Gardiner
24,>James Madison
25,>Edmund Burke
26,>Colin R. Davis
27,>Emil Ludwig
28,>Jim Harrison
29,>Tracey Emin
30,>John Rampton
31,>Regis Philbin
32,>Judy Collins
33,>William Samuel Johnson
34,>Billy Ray Cyrus
35,>Bradley Chicho
36,>Karlie Kloss
37,>Brock Osweiler
38,>Montel Williams
39,>Katy Perry
40,>Andrew Cuomo
41,>Kyle Chandler
42,>George Bernard Shaw
43,>Frank Lloyd Wright
44,>Tom Watson
45,>Marla Gibbs
46,>Nicole Ari Parker
47,>Emily Dickinson
48,>Barack Obama
49,>Janet Fitch
50,>Andrew Mason
51,>Sienna Miller
52,>Les Brown
53,>John Wooden
54,>Henry Adams
55,>Guy Laliberte
56,>Britney Spears
57,>David Hasselhoff
58,>Bidzina Ivanishvili
59,>Mike Gallagher
60,>E. F. Benson
61,>Xenophon
62,>Bruce Springsteen
63,>Sebastian Thrun
64,>Ben Bernanke
65,>Malcolm Turnbull
66,>Havelock Ellis
67,>Zig Ziglar
68,>Paul Auster
69,>Michele Bachmann
70,>Tim Tebow
71,>David Hume
72,>Shakira
73,>Thomas Moore
74,>Yoko Ono
75,>William Hazlitt
76,>Howard Nemerov
77,>John Salley
78,>John Keats
79,>Jerry West
80,">Joseph Smith, Jr."
81,>George Burns
82,>Julia Stiles
83,>Jonathan Safran Foer
84,>Octavio Paz
85,>Robert H. Schuller
86,>Anthony Bourdain
87,>Petrarch
88,>Evangeline Lilly
89,>Amy Purdy
90,>Afrika Bambaataa
91,>Colin Hay
92,>George Bernard Shaw
93,>Jonathan Brandis
94,>Barbara Bush
95,>Joel Osteen
96,>John Irving
97,>Blake Shelton
98,>Trent Reznor
99,>Thomas Carlyle
100,">Oliver Wendell Holmes, Sr."
101,>Sarah McLachlan
102,>Lee Iacocca
103,>Tyler Perry
104,>Woody Hayes
105,>Mandy Moore
106,>Felix Dennis
107,>John Gay
108,>Richard Bach
109,>Henry David Thoreau
110,>Stefanie Powers
111,>Trish Stratus
112,>Marjane Satrapi
113,>Gary Vaynerchuk
114,>Pearl Bailey
115,>Jane Harrison
116,>Nan Fairbrother
117,>Joanna Lumley
118,>Woodrow Wilson
119,>Harvey Mackay
120,>Barbara Fialho
121,>Peter Benchley
122,>Anton du Beke
123,>Jean de La Fontaine
124,>Eric Schneiderman
125,>Margaret Thatcher
126,>Eliezer Yudkowsky
127,>Evangeline Lilly
128,>Alton Brown
129,>Naveen Jain
130,>Loretta Lynn
131,>Ted Turner
132,>Albert Einstein
133,>Kinky Friedman
134,>Kanye West
135,>John McCarthy
136,>Salma Hayek
137,>Stephanie Klein
138,>Charles de Lint
139,>Epicurus
140,>Gloria Steinem
141,>Neil Peart
142,>James F. Byrnes
143,>Susan Orlean
144,>Lucy Maud Montgomery
145,>Finley Peter Dunne
146,>Muhammad Ali Jinnah
147,>Euripides
148,>Wilson Mizner
149,>Carl Sagan
150,>Lady Gaga
151,>Walter Lippmann
152,>Apollonius of Tyana
153,>Kate Moss
154,>Bob Feller
155,>Giada De Laurentiis
156,>Aleksander Kwasniewski
157,>Henry Selick
158,>Oscar Wilde
159,>Isaac D'Israeli
160,>Andy Murray
161,>William Hague
162,>Louise L. Hay
163,>Walter Winchell
164,>Melina Kanakaredes
165,>Dean Ornish
166,>Monte Irvin
167,>Mickalene Thomas
168,>Dong Dong
169,>Jose Ortega y Gasset
170,>Christina Milian
171,>Dave Barry
172,>Alfred Austin
173,>George Packer
174,>Henry Rollins
175,>Marvin Ammori
176,>Marcus Tullius Cicero
177,>Percy Bysshe Shelley
178,>Joyce Banda
179,>Bruce Dickinson
180,>Arthur Ashe
181,>Suzanne Brockmann
182,>Nelson Mandela
183,>James Heckman
184,>G. Willow Wilson
185,>Billie Jean King
186,>Bill Watterson
187,>Jean-Jacques Rousseau
188,>William Shakespeare
189,>Daniel Inouye
190,>Saint Ignatius
191,>River Phoenix
192,>Alec Baldwin
193,>Tyler Florence
194,>Amitabh Bachchan
195,>Cherie Lunghi
196,>Dave Matthews
197,>Joanna Krupa
198,>Howard Gardner
199,>Yair Lapid
200,>Sebastian Thrun
201,>Walter Lippmann
202,>Yves Chauvin
203,>Alan Alda
204,>Joan Rivers
205,>Anthony Bourdain
206,>Sandra Tsing Loh
207,>Peter Ustinov
208,>Timothy Geithner
209,>Tecumseh
210,>Olivia Williams
211,>Kin Hubbard
212,>Robert Baden-Powell
213,>Henry David Thoreau
214,>Martin Henderson
215,>Pope John Paul II
216,>Mickey Hart
217,>Mike Birbiglia
218,>Napoleon Hill
219,>Elizabeth Olsen
220,>Robert Blair
221,>Pablo Neruda
222,>Jay Griffiths
223,>Walter Scott
224,>Giada De Laurentiis
225,>Celine Dion
226,>David Gest
227,>Donald Trump
228,>Nikos Kazantzakis
229,>Shinzo Abe
230,>Thomas S. Monson
231,>Martha Beck
232,>Jerry Lewis
233,>Laura Harring
234,>John Caudwell
235,>Harvey S. Firestone
236,>Dale Carnegie
237,>Slavoj Zizek
238,>Vincent Bugliosi
239,>Henry David Thoreau
240,>Ben Roethlisberger
241,>Adam Smith
242,>Laura Wasser
243,>Anais Nin
244,>John Glenn
245,>Charles Darwin
246,>Rumi
247,>Tyler Perry
248,>Winnie Holzman
249,>Vitruvius
250,>Kevin DeYoung
251,>Aesop
252,>Ray Kroc
253,>Elon Musk
254,>Erma Bombeck
255,>St. Jerome
256,>John Wooden
257,>Paul Theroux
258,>Pauline Phillips
259,>Diane English
260,>Bill Watterson
261,>Carnie Wilson
262,>Frank A. Clark
263,>John Muir
264,>Confucius
265,>Zac Brown
266,>Coco Chanel
267,>Bryant H. McGill
268,>Lyndon B. Johnson
269,>Suze Orman
270,>Vincent Van Gogh
271,>Edmund Hillary
272,>Joshua Sasse
273,>Joel Edgerton
274,>Simon Cowell
275,>Brett Ratner
276,>Bidzina Ivanishvili
277,>Robert Kraft
278,>Deborah Tannen
279,>Lil Wayne
280,>Sam Ewing
281,>Guy Fieri
282,>Woodrow Wilson
283,>Mauricio Macri
284,>Steve Jobs
285,>Mindy Kaling
286,>John Burroughs
287,>Godfrey Winn
288,>Stendhal
289,>Julia Roberts
290,>Charles Kettering
291,>Simone de Beauvoir
292,>Tommy Lee
293,>Voltaire
294,>Saint Basil
295,>James Comey
296,>Zendaya
297,>Penn Jillette
298,>Kate Winslet
299,>Ethan Allen
300,>Marilyn vos Savant
301,>Euripides
302,>Jamie Oliver
303,>Louis C. K.
304,>Vivek Wadhwa
305,>Ralph Waldo Emerson
306,>Jane Austen
307,>Wendi Deng Murdoch
308,>Rita Rudner
309,>Michael Pollan
310,>David Duchovny
311,>Max Schmeling
312,>Dieter F. Uchtdorf
313,>Estelle
314,>Martin Lawrence
315,>Aldous Huxley
316,>Audrey Hepburn
317,>Jean Paul
318,>Lucas Grabeel
319,>Alexander Pope
320,>Virat Kohli
321,>Michelle Obama
322,>Tionne Watkins
323,>Giada De Laurentiis
324,>Henry Petroski
325,>Nelson Goodman
326,>Truman Capote
327,>Nicolas Roeg
328,">John Forbes Nash, Jr."
329,>Paula Deen
330,>J. Robert Oppenheimer
331,>Michael Korda
332,>Rainer Maria Rilke
333,>Young Jeezy
334,>Rakul Preet Singh
335,>Rabindranath Tagore
336,>George A. Romero
337,>Robert Baden-Powell
338,>Avril Lavigne
339,>Kate Christensen
340,>Arthur Rubinstein
341,>Galina Vishnevskaya
342,>Nassim Nicholas Taleb
343,>Margaret Cho
344,>Jean-Georges Vongerichten
345,>Zsa Zsa Gabor
346,>Anna Kendrick
347,>Michael Specter
348,>Benjamin Disraeli
349,>John Cusack
350,>Dhanush
351,>Ella Maillart
352,>Woody Allen
353,>John Wooden
354,>Johann Wolfgang von Goethe
355,>Sarah Kay
356,>David Cameron
357,>Philip Sidney
358,>Thomas Moore
359,>Kid Rock
360,>Kenneth Edmonds
361,>George Burns
362,">Philip Stanhope, 4th Earl of Chesterfield"
363,>Ameen Rihani
364,>Blake Lively
365,>Thomas Jefferson
366,>Julie Burchill
367,>Clayton Christensen
368,>Francois de La Rochefoucauld
369,>Michael Specter
370,>Rick Warren
371,>Henry Rollins
372,>Sheryl Sandberg
373,>Arnold Schwarzenegger
374,>George Michael
375,>Janet Yellen
376,>Randy West
377,>Jason Calacanis
378,>Barack Obama
379,>Lloyd Bentsen
380,>Isla Fisher
381,>Jules Renard
382,>Gabriel Marcel
383,>Willie Nelson
384,>Danny Thomas
385,>Alice Waters
386,>David Attenborough
387,>Thomas Merton
388,">Harry Connick, Jr."
389,>Andrew Greeley
390,>Jean Piaget
391,>Kate Forsyth
392,>Charles J. Givens
393,>Jay Duplass
394,>Henri Nouwen
395,>James G. Stavridis
396,>Behati Prinsloo
397,>Thomas A. Edison
398,>Travis Bradberry
399,>Kareena Kapoor Khan
400,>Marcus Aurelius
401,>Russel Honore
402,>Euripides
403,>Keanu Reeves
404,>Theodore Hesburgh
405,>Albert Bandura
406,>Artur Davis
407,>Mike Krzyzewski
408,>Red Skelton
409,>Marc Rich
410,>Jean de La Fontaine
411,>St. Vincent
412,>Norman Borlaug
413,>W. Clement Stone
414,>Shalom Harlow
415,>Trey Anastasio
416,>Carrot Top
417,>Nicholas Stern
418,>Sharon Stone
419,>Rabindranath Tagore
420,>LeAnn Rimes
421,>Helen Mirren
422,>Heather Bresch
423,>Ariana Grande
424,>Allan Bloom
425,>Mikhail Gorbachev
426,>Brett Hoebel
427,>Kurt Eichenwald
428,>Joseph Wood Krutch
429,>David Attenborough
430,>Shakira
431,>Maya Angelou
432,>John D. Rockefeller
433,>Horace Walpole
434,>Steven Sinofsky
435,>Joyce Carol Oates
436,>Pat Summitt
437,>Bill Owens
438,>Alan Kay
439,>James Thurber
440,>Isaac Asimov
441,>Gail Collins
442,>David Starr Jordan
443,>Mia Kirshner
444,>Sharon Stone
445,>Saint Basil
446,>Lucius Annaeus Seneca
447,>James Cameron
448,>Satya Nadella
449,>Cyril Connolly
450,>Benjamin Disraeli
451,>Anthony J. D'Angelo
452,>Sophocles
453,>Herman Melville
454,>Max Lucado
455,>Paul Ryan
456,>Alfred Lord Tennyson
457,>Saint Basil
458,>Juliette Binoche
459,>Steve Jurvetson
460,>Suzanne Somers
461,>Laila Ali
462,>Oksana Baiul
463,>Mario Puzo
464,>Euripides
465,>Stephen Jay Gould
466,>Rebecca West
467,>Eddie Rickenbacker
468,>Beth Ditto
469,>Kate Christensen
470,>Richard Dawkins
471,>Elizabeth Barrett Browning
472,>Julia Child
473,>Ranbir Kapoor
474,>Joseph B. Wirthlin
475,>Joe Biden
476,>Bertrand Russell
477,>Cass Sunstein
478,>Aleister Crowley
479,>Samuel Ullman
480,>Joyce Meyer
481,>Mary Kay Ash
482,>Julius Caesar
483,>F. Scott Fitzgerald
484,>Spike Jonze
485,>Helen Fielding
486,>Debbie Stabenow
487,>Ian Mckellen
488,>Walter Anderson
489,>John Kenneth Galbraith
490,>Gustave Flaubert
491,>Isabel Allende
492,>Allen Klein
493,>Amy Poehler
494,>Bill Cosby
495,>Jake Arrieta
496,>Marisa Miller
497,>Tyler Florence
498,>Mitt Romney
499,>Joel Robuchon
500,>Gary Johnson
501,>Ramez Naam
502,>Albert Camus
503,">Donald Trump, Jr."
504,>Scott Adams
505,>Frank Lloyd Wright
506,>Ellen Glasgow
507,>Arnold H. Glasow
508,>Ezra Taft Benson
509,>Emily Dickinson
510,>Josh Billings
511,>Abraham Lincoln
512,>Lucy Larcom
513,>Tom Peters
514,>Seneca
515,>Orison Swett Marden
516,>Tony Robbins
517,>Lynn Davies
518,>George Takei
519,">Martin Luther King, Jr."
520,>Billy Graham
521,>Samuel Taylor Coleridge
522,>Josh Billings
523,>Peter De Vries
524,>Daria Werbowy
525,>Napoleon Hill
526,>George Washington Carver
527,>Amy Winehouse
528,>Socrates
529,>Tim McGraw
530,>P. J. O'Rourke
531,>Mike Gallagher
532,>Alison Brie
533,>Dolly Parton
534,>Marcus Aurelius
535,>John Carpenter
536,>Keith Urban
537,>Paul J. Meyer
538,>Edmund White
539,>Sam Keen
540,>Christie Brinkley
541,>Edsger Dijkstra
542,>Arthur Quiller-Couch
543,>Alphonse de Lamartine
544,>Anthony Bourdain
545,>Douglas Coupland
546,>Christina Milian
547,>Alain de Botton
548,>Faith Hill
549,>Ben Carson
550,>David Gest
551,>Joel Osteen
552,>Bret Michaels
553,>Sonia Johnson
554,>Dan Gilbert
555,>Mencius
556,>Johnny Weir
557,">Oliver Wendell Holmes, Sr."
558,>Sonam Kapoor
559,>Al Goldstein
560,>Jim Rohn
561,>Samuel Richardson
562,>Debi Mazar
563,>Thomas Mann
564,>Mario Puzo
565,>Shakti Gawain
566,>Akshay Kumar
567,>Henny Youngman
568,>Kathy Freston
569,>Oprah Winfrey
570,>Thomas Huxley
571,>Claire Tomalin
572,>Shakira
573,>Benjamin Disraeli
574,>James Dobson
575,>Mother Angelica
576,>Amy Tan
577,>Jessica Lowndes
578,>Alain de Botton
579,>Madonna Ciccone
580,>David Lynch
581,>Tzipi Livni
582,>Dieter F. Uchtdorf
583,>Ezra Miller
584,>Nick Nolte
585,>Jean-Georges Vongerichten
586,>Lionel Messi
587,>William James
588,>Sylvia Browne
589,>Ernst Mayr
590,>Jennifer Love Hewitt
591,>Bradley Chicho
592,>Edgar Ramirez
593,>John Kenneth Galbraith
594,>Joan D. Vinge
595,>E. B. White
596,>Thomas Jefferson
597,>Taylor Swift
598,>Ernie Banks
599,>George Hickenlooper
600,>Gwyneth Paltrow
601,>Mary J. Blige
602,>Marcus Garvey
603,>Missy Franklin
604,>Edward Thorndike
605,>Thomas Haden Church
606,>Baltasar Gracian
607,>Sonakshi Sinha
608,>Shane Smith
609,>William James
610,>Aesop
611,>Alex Kapranos
612,>Francois Rabelais
613,>Ellen DeGeneres
614,>Norman Cousins
615,>Keke Palmer
616,>Mitch Hedberg
617,>Susan Glaspell
618,>Garrison Keillor
619,>Richard Bach
620,>Elbert Hubbard
621,>Martin Freeman
622,>Junot Diaz
623,>Michael Franti
624,">Tyler, The Creator"
625,>Pope Francis
626,>Albert Einstein
627,>Dean Ornish
628,>Joyce Brothers
629,>Henry David Thoreau
630,>Bill Rancic
631,>Yoko Ono
632,>Jon Favreau
633,>Hans Jonas
634,>Sam Brownback
635,>William Petty
636,>Woody Allen
637,>Julia Glass
638,>Martin Feldstein
639,>Daniel Tammet
640,>Warren Buffett
641,>Henry B. Eyring
642,>Judy Garland
643,>Tim Harford
644,>Tyler Florence
645,>Hesiod
646,>Louis Tomlinson
647,>Nicholas Sparks
648,>Michael Caine
649,>Aisha Tyler
650,>Mark Zuckerberg
651,>James Gleick
652,>Winston Churchill
653,>John Battelle
654,>Chelsea Handler
655,>Martin Seligman
656,>J. D. Vance
657,>Vernon Law
658,>Ray Lewis
659,>Nicholas D. Kristof
660,>William Feather
661,>Richard Branson
662,>Brigitte Bardot
663,>Jane Velez-Mitchell
664,>Tina Brown
665,>David Chang
666,>Honore de Balzac
667,>Ambrose Bierce
668,>Fan Bingbing
669,>Salma Hayek
670,>Ann Voskamp
671,>Zig Ziglar
672,>Herodotus
673,>Rashida Jones
674,>Jack Nicholson
675,>H. L. Mencken
676,>Khalil Gibran
677,>Marcus Buckingham
678,>John Lennon
679,>E. O. Wilson
680,>Andrew J. Bernstein
681,>W. Clement Stone
682,>Ezra Taft Benson
683,>Marcus Garvey
684,>George Takei
685,>Bebe Rexha
686,>Charles Kingsley
687,>Vanessa Carlton
688,>Bill Cosby
689,>Kevin Feige
690,>John Wooden
691,>Leonardo da Vinci
692,>Charles Stanley
693,>Cate Blanchett
694,>Adam Sandler
695,>Mickey Rooney
696,>Alfred Lord Tennyson
697,>Jim Rohn
698,>Salman Rushdie
699,>Rumi
700,>Jerry Jeff Walker
701,>Plato
702,>Henry David Thoreau
703,>Marla Gibbs
704,>Honore de Balzac
705,>DJ Khaled
706,>Johnny Vegas
707,>J. Paul Getty
708,>Will Rogers
709,>Thomas A. Edison
710,>George Bernard Shaw
711,>Richard Brinsley Sheridan
712,>Shilpa Shetty
713,>Kylie Minogue
714,>Russell Baker
715,>H. L. Mencken
716,>Friedrich Nietzsche
717,>Joshua Oppenheimer
718,>Matt Haig
719,>James Huneker
720,>Mike Yaconelli
721,>Jamie Campbell Bower
722,>Judith Viorst
723,>Peter Marshall
724,>Graham Elliot
725,>H. G. Wells
726,>Alicia Keys
727,>John Burroughs
728,>Marc Faber
729,>Dionne Warwick
730,>Tommy Cooper
731,>James Madison
732,>Marie de France
733,>Khalil Gibran
734,>William Osler
735,>Anthony Bourdain
736,>Debra Winger
737,>Nora Ephron
738,>Albert Schweitzer
739,>Oliver Goldsmith
740,>Arthur Rimbaud
741,>Kevin Bacon
742,>Tony Robbins
743,>Jenny Lewis
744,>Maurice Chevalier
745,>Romain Grosjean
746,>Nathaniel Hawthorne
747,>Iris Murdoch
748,>Henri Nouwen
749,>Bernie Mac
750,>Alice Hamilton
751,>Vincent McNabb
752,>Gordon Bethune
753,>Anthony Bourdain
754,>Joely Richardson
755,>Steve Harvey
756,>Robert Patterson
757,>John Florio
758,>Ralph Marston
759,>Gordon B. Hinckley
760,>Salma Hayek
761,>Euripides
762,>Ngozi Okonjo-Iweala
763,>John Krasinski
764,>Napoleon Hill
765,>Ogden Nash
766,>Taylor Swift
767,>Karl A. Menninger
768,>Swami Sivananda
769,>Anne Wojcicki
770,>Donna Brazile
771,>Thornton Wilder
772,>Stevie Wonder
773,>Donald Johanson
774,>Shinzo Abe
775,">Donald Trump, Jr."
776,>Victoria Pendleton
777,>Tyga
778,>Benjamin Franklin
779,>Isabel Allende
780,>Samuel Butler
781,>Susan Decker
782,>David H. Murdock
783,>Jason Calacanis
784,>Peter Benchley
785,>Kenneth Branagh
786,>Hill Harper
787,>Hugh Grant
788,>Dominique Dawes
789,>Noah Baumbach
790,>Jean Ingelow
791,>W. Somerset Maugham
792,>Robert J. Sawyer
793,>William Eardley IV
794,>Adam McKay
795,>Henry Ward Beecher
796,>Florence Nightingale
797,>Ram Dass
798,>Gordon B. Hinckley
799,>Tim Tebow
800,>Shinichi Suzuki
801,>Friedrich Nietzsche
802,>Heston Blumenthal
803,>Evel Knievel
804,>Errol Flynn
805,>James A. Baldwin
806,>BJ the Chicago Kid
807,>Anton Chekhov
808,>Arthur C. Danto
809,>Armaan Malik
810,>Sherrod Brown
811,>Marcus Samuelsson
812,>Lawrence Welk
813,>Ray Comfort
814,>John F. Kennedy
815,>P. J. O'Rourke
816,>Henry David Thoreau
817,>Miuccia Prada
818,>Sandra Bullock
819,>Thomas Jefferson
820,>Ray Bradbury
821,>Dwayne Johnson
822,>Carl Honore
823,>Mary Wilson Little
824,>Blair Underwood
825,>John Ridley
826,>Carrie Underwood
827,>Katharine Lee Bates
828,>George S. Patton
829,>Eric Idle
830,>Francis Bacon
831,>Amitabh Bachchan
832,>Oscar Wilde
833,>Anthony Bourdain
834,>Friedrich Nietzsche
835,>Vivien Leigh
836,>Orson F. Whitney
837,>J. R. Martinez
838,>Anthony Bourdain
839,>Michael Spence
840,>Mother Teresa
841,>Edwin Markham
842,>Nathan Myhrvold
843,>Marcus Aurelius
844,>Henry Ward Beecher
845,>Charles Atlas
846,>Alanis Morissette
847,>Angela Ahrendts
848,>Nicole Scherzinger
849,>Bonnie Blair
850,>Kobe Bryant
851,>Andre Breton
852,>Jeb Bush
853,>Rick Santorum
854,>Aloe Blacc
855,>Saint Teresa of Avila
856,>Catherine Zeta-Jones
857,>Corazon Aquino
858,>Norman Borlaug
859,>Tom Vilsack
860,>Meir Soloveichik
861,>Yann Arthus-Bertrand
862,>Anthony Bourdain
863,>Gertrude Stein
864,>Orison Swett Marden
865,>Orhan Pamuk
866,>Trai Byers
867,>Colin Powell
868,>Tommy Hilfiger
869,>Ralph Waldo Emerson
870,>Monica Bellucci
871,>Miguel de Cervantes
872,>Jason Alexander
873,>Moliere
874,>Lisa Murkowski
875,>Sallust
876,>Johnny Carson
877,">Sammy Davis, Jr."
878,>Kangana Ranaut
879,>D. H. Lawrence
880,>William James
881,>Mike Trout
882,">H. Jackson Brown, Jr."
883,>Donna Leon
884,>John C. Maxwell
885,>David Ricardo
886,>Kurt Cobain
887,>Rhys Ifans
888,>Jon Bon Jovi
889,>Kelly McGillis
890,>Rodney Atkins
891,>Tony Campolo
892,>Jim Samuels
893,>Ingrid Bergman
894,>John Bercow
895,>Peter Guber
896,>John Ridley
897,>H. L. Mencken
898,>Oprah Winfrey
899,>Carlos Santana
900,>Wilhelm von Humboldt
901,>Russell M. Nelson
902,>S. Jay Olshansky
903,>Swami Vivekananda
904,>Margaret Cho
905,>Jesse Ball
906,>Robert H. Schuller
907,>Arsene Wenger
908,>Tom Araya
909,>Jacquelyn Jablonski
910,>Charlie Sheen
911,>Ambrose Bierce
912,>Kevin Costner
913,>Joseph Story
914,>Sherry Argov
915,>Edmund White
916,>Yoko Ono
917,>Woody Allen
918,>Marilu Henner
919,>Wislawa Szymborska
920,>Mikhail Bakunin
921,>Nora Ephron
922,>Henry B. Eyring
923,>Richard Burton
924,>Dylan Lauren
925,>Iain Duncan Smith
926,>Darell Hammond
927,>Eliphas Levi
928,>Alan Cohen
929,>P. J. O'Rourke
930,>Joseph Campbell
931,>Les Brown
932,>William Wallace
933,>James Cameron
934,>Myles Munroe
935,>George Sand
936,>Elias Canetti
937,>Shakira
938,>Domhnall Gleeson
939,>Henry Wadsworth Longfellow
940,>Roger Ascham
941,>Katharine Hepburn
942,>Jimmy Connors
943,>Bob Dylan
944,>Jillian Michaels
945,>Scott Derrickson
946,>Laura Bush
947,>Bruce Eric Kaplan
948,>Jim Sturgess
949,>Michael Jordan
950,>Jesus Christ
951,>Brad Gilbert
952,>Dwayne Johnson
953,>Abraham Lincoln
954,>Jack Canfield
955,>Justin Cartwright
956,>N. R. Narayana Murthy
957,>Maurice Maeterlinck
958,>Aziz Ansari
959,>Natalie Portman
960,>Walt Disney
961,>Ian Thorpe
962,>Nicole Polizzi
963,>Yo-Yo Ma
964,>Herbie Hancock
965,>Archibald MacLeish
966,>Khloe Kardashian
967,>Viggo Mortensen
968,>Emma Stone
969,>Elbert Hubbard
970,>Flora Lewis
971,>Aeschylus
972,>Margaret Thatcher
973,>Jillian Michaels
974,>Samuel Daniel
975,>J. Paul Getty
976,>Steven Spielberg
977,>Adrian Peterson
978,>Danny Meyer
979,>Anne Morrow Lindbergh
980,>Mickey Gilley
981,>Howard Rheingold
982,>Jane Austen
983,>J. Paul Getty
984,>Michael Dell
985,>Irving Berlin
986,>Victor Hugo
987,>John Burroughs
988,>Thomas Moore
989,>Nikita Khrushchev
990,>James Patterson
991,>Joy Fielding
992,>Miranda Cosgrove
993,>Peter Drucker
994,>George MacDonald
995,>Ambrose Bierce
996,>Elon Musk
997,>Samuel Johnson
998,>Elliott Abrams
999,>Pankaj Mishra
1000,>Cyril Connolly
1001,>Yehuda Berg
1002,>Pawan Kalyan
1003,>Frank McCourt
1004,>Joanna Lumley
1005,>Rihanna
1006,>Aleksandr Solzhenitsyn
1007,>Joan Rivers
1008,>Doris Lessing
1009,>Christina Milian
1010,>Vincent Van Gogh
1011,>Orison Swett Marden
1012,>Mike Gallagher
1013,>Pablo Picasso
1014,>Tim O'Brien
1015,>Ken Kesey
1016,>Lee H. Hamilton
1017,>Paulo Coelho
1018,>Gail Simmons
1019,>Meir Soloveichik
1020,>Jim Rohn
1021,>Bodhidharma
1022,>Ben Affleck
1023,>William James
1024,>Joseph Wood Krutch
1025,>Publilius Syrus
1026,>Sarah Ban Breathnach
1027,>William J. Clinton
1028,>Confucius
1029,>John Kenneth Galbraith
1030,>Voltaire
1031,>Pope Benedict XVI
1032,>George Soros
1033,>Francis Bacon
1034,>Pierce Brosnan
1035,>Gilbert K. Chesterton
1036,>Bob Newhart
1037,>Christopher Meloni
1038,>Megan Abbott
1039,>John Dewey
1040,>Sydney Pollack
1041,>Nadia Comaneci
1042,>Milan Kundera
1043,>Anupam Kher
1044,>Russell Simmons
1045,>Christopher Reeve
1046,>Helen Rowland
1047,>Andre Breton
1048,>Michael Gove
1049,>Florence Scovel Shinn
1050,>Charlotte Whitton
1051,>Frida Kahlo
1052,>Alfred Lord Tennyson
1053,>Hugh Jackman
1054,>John Steinbeck
1055,>Amanda Seyfried
1056,>Aaron Rodgers
1057,>Ezra Taft Benson
1058,>Joel Osteen
1059,">Oliver Wendell Holmes, Sr."
1060,>Isak Dinesen
1061,>Tracy Kidder
1062,>Denis Diderot
1063,>Noel Gallagher
1064,>Lewis Howes
1065,>Rose Kennedy
1066,>Misty May-Treanor
1067,>Marvin Sapp
1068,>Homaro Cantu
1069,>Arnold Schwarzenegger
1070,>Thomas Huxley
1071,>Sophia Loren
1072,>Andrew Lo
1073,>Leonard Mlodinow
1074,>Robert Jeffress
1075,>Christina Aguilera
1076,>Marcus Aurelius
1077,>Domhnall Gleeson
1078,>Charlotte Bronte
1079,>Marilyn vos Savant
1080,>Walter Scott
1081,>Amelia Earhart
1082,>David Mamet
1083,>Elizabeth Gilbert
1084,>Aisha Tyler
1085,>Joel Salatin
1086,>W. H. Auden
1087,>Shia LaBeouf
1088,>Thomas A. Edison
1089,>Joe Namath
1090,>Al Goldstein
1091,>Mary Roach
1092,>Diane von Furstenberg
1093,>Damon Albarn
1094,>Minna Antrim
1095,>Natalie Cole
1096,>Tarja Halonen
1097,>Simon Cowell
1098,>John Wooden
1099,>Sai Baba
1100,>Leonardo da Vinci
1101,>Sherri Shepherd
1102,>Neil Gorsuch
1103,>Gavin Newsom
1104,>William Shakespeare
1105,>Henri Frederic Amiel
1106,>Judith Martin
1107,>Tony Robbins
1108,>Pat Mitchell
1109,>Gloria Steinem
1110,>Vincent Van Gogh
1111,>Jean de la Bruyere
1112,>George Santayana
1113,>Ezra Taft Benson
1114,>Benjamin Franklin
1115,>Said Nursi
1116,>Robert Kiyosaki
1117,>George Lucas
1118,>Mel Brooks
1119,>John Updike
1120,>Hubert H. Humphrey
1121,>Abraham Maslow
1122,>NeNe Leakes
1123,>Margot Robbie
1124,>Wayne Dyer
1125,>Orson Pratt
1126,>Paul Walker
1127,>Sophocles
1128,>Satchel Paige
1129,>Gary Hamel
1130,>Oscar Wilde
1131,>Antoine de Saint-Exupery
1132,>Meek Mill
1133,>P. J. O'Rourke
1134,>Alex Rodriguez
1135,>Janet Jackson
1136,>Taylor Lautner
1137,>David Rockefeller
1138,>Laurie Colwin
1139,>Hamza Yusuf
1140,>James M. Barrie
1141,>Don Miguel Ruiz
1142,>Cass Sunstein
1143,>Hu Shih
1144,>Confucius
1145,>St. Jerome
1146,>Ugo Betti
1147,>Jose Ferreira
1148,>Mariella Frostrup
1149,>Conor Oberst
1150,>Kirsten Dunst
1151,>Laurie Colwin
1152,>Julie Benz
1153,>Henny Youngman
1154,>Matt Damon
1155,>Paul Stamets
1156,>Luanne Rice
1157,>Kevin O'Leary
1158,>Lactantius
1159,>Dave Blood
1160,>Marcus Tullius Cicero
1161,>Michael Douglas
1162,>Ameen Rihani
1163,>Gustav Klimt
1164,>John W. Gardner
1165,>Benjamin Franklin
1166,>Alexander Payne
1167,>Bertrand Russell
1168,>Ta-Nehisi Coates
1169,>David D. Burns
1170,>Henny Youngman
1171,>Shakira
1172,>Marge Piercy
1173,>Zsa Zsa Gabor
1174,>Tom Brady
1175,>Candice Swanepoel
1176,>bell hooks
1177,>Sophia Loren
1178,>Harold Ramis
1179,>Joseph Brodsky
1180,>Zac Goldsmith
1181,>Adam Levine
1182,>Arthur Schopenhauer
1183,>Martha Plimpton
1184,>Amanda Donohoe
1185,>Tom Colicchio
1186,>Alain de Botton
1187,>Benjamin Franklin
1188,>Walter Scott
1189,>Sting
1190,>Bill Cosby
1191,>Jim Elliot
1192,>David Mixner
1193,>Bill Bradley
1194,>Ryan Holiday
1195,>Joaquin Phoenix
1196,>Ambrose Bierce
1197,>Norman Cousins
1198,>Wanda Sykes
1199,>Ben Stein
1200,>Winston Churchill
1201,>Earl Wilson
1202,>Mary Lambert
1203,>P. J. O'Rourke
1204,>Michael J. Saylor
1205,>Jim Carrey
1206,>Carl Jung
1207,>Spike Jonze
1208,>George Canning
1209,>Triple H
1210,>Eric Ries
1211,>William Green
1212,>Olivier Theyskens
1213,>Joyce Meyer
1214,>Akshay Kumar
1215,>Kevin Conroy
1216,>Henry Ford
1217,>Will Rogers
1218,>Timothy Noah
1219,>Al Sharpton
1220,>Josh Billings
1221,>Oprah Winfrey
1222,>Nargis Fakhri
1223,>Jules Renard
1224,>Samuel Smiles
1225,>Stephen Hawking
1226,>Ron Perlman
1227,>Kristin Cavallari
1228,>Jim Rohn
1229,>Sydney Smith
1230,>David Hume
1231,>Robert Irvine
1232,>Paul Pierce
1233,>N. R. Narayana Murthy
1234,>Shah Rukh Khan
1235,>Anupam Kher
1236,>Dorothy Height
1237,>Bethenny Frankel
1238,>Pam Brown
1239,>Laurence J. Peter
1240,>Jim Hightower
1241,>Eleanor Robson Belmont
1242,>Leo Tolstoy
1243,>Erma Bombeck
1244,>Damon Wayans
1245,>Jeff Ross
1246,>Bono
1247,>Graham Greene
1248,>Recep Tayyip Erdogan
1249,>Alfred Marshall
1250,>Mark Burnett
1251,>Michael Pollan
1252,>Graham Greene
1253,>Andre Maurois
1254,>Steve Jurvetson
1255,>Helen Mirren
1256,>Robert Duvall
1257,>Jim Carrey
1258,>David Icke
1259,>Sally Schneider
1260,>Buddha
1261,>Lisa Morton
1262,>Bryce Dallas Howard
1263,>B. C. Forbes
1264,>Tony Dungy
1265,>Henri Frederic Amiel
1266,>Tony Bennett
1267,>Debbie Stabenow
1268,>Frederick W. Smith
1269,>David Icke
1270,>Cherie Lunghi
1271,>Joseph Campbell
1272,>James Whistler
1273,">H. Jackson Brown, Jr."
1274,>Bill Watterson
1275,>Frankie Valli
1276,>Vendela Kirsebom
1277,>Timothy Ferriss
1278,>Charles Spurgeon
1279,>John Cheever
1280,>Kimbal Musk
1281,>Henry Paulson
1282,>Steven Pinker
1283,>E. W. Howe
1284,>Adam Gopnik
1285,>John F. Kennedy
1286,>Charles Dickens
1287,>Will Smith
1288,">Harold Ford, Jr."
1289,>Vivek Wadhwa
1290,>Lady Gregory
1291,>Alison Gopnik
1292,>Arthur Miller
1293,>Bryan Batt
1294,>Khalil Gibran
1295,>Aristotle
1296,>Colin R. Davis
1297,>Douglas Adams
1298,>Alice Miller
1299,>Mike Barnicle
1300,>Karin Slaughter
1301,>Leonardo da Vinci
1302,>Benjamin Franklin
1303,>Martina Navratilova
1304,>Daphne Koller
1305,>Ben Shapiro
1306,>Victor Kiam
1307,>Lewis Howes
1308,>Tony McCoy
1309,>Rumi
1310,>Tim Roth
1311,>Groucho Marx
1312,>Henry Ford
1313,>Cary Grant
1314,>Kirk Douglas
1315,>Charles J. Givens
1316,>Hans Rosling
1317,>Jean Chatzky
1318,>Pawan Kalyan
1319,>Bernie Siegel
1320,>Elizabeth Berkley
1321,>James A. Baldwin
1322,>Ambrose Bierce
1323,>Paul Prudhomme
1324,>A. P. J. Abdul Kalam
1325,>James Howard Kunstler
1326,>James A. Michener
1327,>Emile Hirsch
1328,>Hugh Jackman
1329,>Jeff Bezos
1330,>Jean-Paul Sartre
1331,>Giacomo Casanova
1332,>Aaron Patzer
1333,>John C. Maxwell
1334,>Muhammad Ali
1335,>Maya Angelou
1336,>Herb Caen
1337,>Jesse Helms
1338,>Maya Angelou
1339,>Al Lopez
1340,>Jonathan Swift
1341,>Felix Adler
1342,>Sabrina Bryan
1343,>David Morrell
1344,>Cyrano de Bergerac
1345,>Sophia Loren
1346,>Martin O'Malley
1347,>Albert Schweitzer
1348,>Richard Branson
1349,>Jonathan Raban
1350,>Will Arnett
1351,>Sylvester Stallone
1352,>Monica Bellucci
1353,>Deepak Chopra
1354,>Francis Picabia
1355,>Judith Wright
1356,>Michael Cimino
1357,>Sarah Michelle Gellar
1358,>Hugh Grant
1359,>Bernard Baruch
1360,>Arsene Wenger
1361,>Suzanne Weyn
1362,>Allan Savory
1363,>H. L. Mencken
1364,>Caroline Knapp
1365,>Stevie Wonder
1366,>John F. Kennedy
1367,>Sarah Bernhardt
1368,>Johnny Carson
1369,>Dwight L. Moody
1370,>Dan Millman
1371,>Mother Teresa
1372,>Barbara Pym
1373,>Jean Kerr
1374,>Martha Beck
1375,>W. Clement Stone
1376,>L. Ron Hubbard
1377,>Rachael Ray
1378,>Jeremy Rifkin
1379,>Delia Smith
1380,>Ben Carson
1381,>Oscar Wilde
1382,>Darius Rucker
1383,>Mike White
1384,>Marilyn Ferguson
1385,>Joel Fuhrman
1386,>Shakira
1387,>Sheena Easton
1388,>Sidonie Gabrielle Colette
1389,>Diane von Furstenberg
1390,>Meek Mill
1391,>David Chang
1392,>Eric Schlosser
1393,>Jeroen Dijsselbloem
1394,>James Allen
1395,>Peter Jackson
1396,>Tennessee Williams
1397,>Karen DeCrow
1398,>Don Miguel Ruiz
1399,>George S. Patton
1400,>Robert Dallek
1401,>John Rampton
1402,>Robert E. Lee
1403,>Henry Petroski
1404,>Anthony Hopkins
1405,>Erin Gruwell
1406,>Ryan Holiday
1407,>Bill Frist
1408,>Cat Cora
1409,>Nobu Matsuhisa
1410,>Simon Sinek
1411,>Ron Lewis
1412,>Tim Cope
1413,>Reese Witherspoon
1414,>Will Self
1415,>Tim Tebow
1416,>David Chang
1417,>Manny Pacquiao
1418,>Euripides
1419,>Baltasar Gracian
1420,>William Hazlitt
1421,>Tim Howard
1422,>Anushka Sharma
1423,>John Lennon
1424,>Zig Ziglar
1425,>Alison Sweeney
1426,>Jerry Saltz
1427,>Robert E. Lee
1428,>Joel Osteen
1429,>Tom Brady
1430,>Fidel Castro
1431,>Sydney J. Harris
1432,>A. J. McLean
1433,>John Wooden
1434,>Ina Garten
1435,>John Wooden
1436,>Orison Swett Marden
1437,>George Washington
1438,>Johnny Cash
1439,>Debra Messing
1440,>Gisele Bundchen
1441,>Mariska Hargitay
1442,>Marcus Samuelsson
1443,>D. H. Lawrence
1444,>Carl Sandburg
1445,>Richard Branson
1446,>John le Carre
1447,>Bo Bennett
1448,>Joe Nichols
1449,>Robert Harris
1450,>Kapil Sibal
1451,>Kevin Smith
1452,>John Boehner
1453,>John W. Gardner
1454,>Robert Fulghum
1455,>Billie Jean King
1456,>Elisabeth Kubler-Ross
1457,>Roger von Oech
1458,>Randi Weingarten
1459,>Henning Mankell
1460,>Jack Layton
1461,>Henry David Thoreau
1462,>Ann Landers
1463,>Shiv Khera
1464,>Nate Silver
1465,>Naftali Bennett
1466,>Douglas William Jerrold
1467,>Stephen Hawking
1468,>Neale Donald Walsch
1469,>Dick Cavett
1470,>Charles Duhigg
1471,>Dhanush
1472,>Louis C. K.
1473,>William James
1474,>Thich Nhat Hanh
1475,>Babe Ruth
1476,>William J. Clinton
1477,>Martin Seligman
1478,>Paul Tillich
1479,>William Wordsworth
1480,>Bradley Whitford
1481,>Mencius
1482,>Tammy Wynette
1483,>Baruch Spinoza
1484,>Napoleon Hill
1485,>Stevie Wonder
1486,>Peter De Vries
1487,>Jonathan Safran Foer
1488,>Jo Cox
1489,>Aaron Spelling
1490,>Thomas Shadwell
1491,>Albert Schweitzer
1492,>Molly Ringwald
1493,>Hugh Ross
1494,>Jay-Z
1495,>Rachael Ray
1496,>Henry Wadsworth Longfellow
1497,>Franz Kafka
1498,>Selena Gomez
1499,>Knute Rockne
1500,>Jiddu Krishnamurti
1501,>Audrey Hepburn
1502,>Lauren Conrad
1503,>John Frusciante
1504,>Thomas Huxley
1505,">H. Jackson Brown, Jr."
1506,>Brooke Shields
1507,>Sharon Horgan
1508,>W. Clement Stone
1509,>Tom Cochrane
1510,>Sarah Orne Jewett
1511,>Pietro Aretino
1512,>Kanye West
1513,>Michael Jordan
1514,>Nick Harkaway
1515,>Danny Meyer
1516,>George Lucas
1517,>Louis Theroux
1518,>Jennifer Lopez
1519,>Oscar Wilde
1520,>Plato
1521,>Tony Fadell
1522,>Lord Byron
1523,>John Morton
1524,>Cynthia Weil
1525,>Helen Mirren
1526,>Benjamin Disraeli
1527,>Barbara De Angelis
1528,>Robert Kiyosaki
1529,>Lloyd Dorfman
1530,>Martin Rees
1531,>Lady Gaga
1532,>Gerald Brenan
1533,>Sade Adu
1534,>C. S. Lewis
1535,>John Henry Newman
1536,>Mae West
1537,>Caroline Kennedy
1538,>Petrarch
1539,>Kate Winslet
1540,>Katy Perry
1541,>Ruth Bader Ginsburg
1542,>Thomas McGuane
1543,>Gore Vidal
1544,>Sai Baba
1545,>Taraji P. Henson
1546,>Gene Robinson
1547,>Lord Byron
1548,>Caitlyn Jenner
1549,>Joyce Meyer
1550,>Mitt Romney
1551,>John Quelch
1552,>Ann Voskamp
1553,>Blake Shelton
1554,>Apollonius of Tyana
1555,>Calvin Trillin
1556,>Leonardo DiCaprio
1557,>Emma Bunton
1558,>Og Mandino
1559,>Dee Dee Myers
1560,>Hilaire Belloc
1561,>M. Scott Peck
1562,>Graham Elliot
1563,>Al Franken
1564,>Sebastian Faulks
1565,>Jeremy Irons
1566,>Suzanne Somers
1567,>Bill Gates
1568,>Cynthia P. Schneider
1569,>Keith Henson
1570,>Albert Barnes
1571,>Jesus Christ
1572,>Samuel Lover
1573,>Ausonius
1574,>Karrie Webb
1575,>Charles Stanley
1576,>Thomas Fuller
1577,>Tracey Gold
1578,>Margaret Thatcher
1579,>Rumi
1580,>Francois de La Rochefoucauld
1581,>George S. Patton
1582,>Nelson Mandela
1583,>Francois Rabelais
1584,>Stephanie Tubbs Jones
1585,>Albert Schweitzer
1586,>Marsha Blackburn
1587,>Jared Kushner
1588,>Alice Walker
1589,>Andrew Motion
1590,>Christian Nestell Bovee
1591,">H. Jackson Brown, Jr."
1592,>Jean Cocteau
1593,>Steve Vai
1594,>Emile Zola
1595,>Cory Booker
1596,>Justin Chatwin
1597,>Tom Kite
1598,>Charlotte Whitton
1599,>Jamie Foxx
1600,>Mike Huckabee
1601,>Dennis Rodman
1602,>Caroline Kennedy
1603,>Daley Thompson
1604,>Tom Petty
1605,>Orison Swett Marden
1606,>Doug Ducey
1607,>Colonel Sanders
1608,>Will Durant
1609,>Wendell Pierce
1610,>John Wooden
1611,>Carlene Carter
1612,>Gloria Steinem
1613,>Swami Sivananda
1614,>Gary Allan
1615,>Lindsey Vonn
1616,>Justin Trudeau
1617,>Vivek Wadhwa
1618,>Phillip Phillips
1619,>Henry Ford
1620,>Sophia Bush
1621,>Geri Halliwell
1622,>Jack Nicholson
1623,>Ezra Taft Benson
1624,>Jack London
1625,>Kirk Douglas
1626,>Andrea Bocelli
1627,>Cynthia Breazeal
1628,>Barack Obama
1629,>Millicent Fawcett
1630,>Abraham Maslow
1631,>Ogden Nash
1632,>William Allen White
1633,>Natalie Massenet
1634,>Michael Symon
1635,>Patty Berg
1636,>Joseph Roux
1637,>Liv Tyler
1638,>Charles R. Swindoll
1639,>Marilyn Ferguson
1640,>Dick Cavett
1641,>Alain Ducasse
1642,>Edmund Hillary
1643,>Burt Reynolds
1644,>Darlene Love
1645,>Leo Buscaglia
1646,>Beth Ditto
1647,>Friedrich Nietzsche
1648,>Suki Waterhouse
1649,>Ray Kurzweil
1650,>Javan
1651,>Earl Nightingale
1652,>Wolfgang Amadeus Mozart
1653,>Yogi Berra
1654,>Susan B. Anthony
1655,>Tom Cotton
1656,>George Sand
1657,>Cyril Connolly
1658,>Malaika Arora Khan
1659,>Julia Child
1660,>Phyllis Theroux
1661,>Harry Emerson Fosdick
1662,>John Piper
1663,>Socrates
1664,>Tori Amos
1665,>Carole King
1666,>Maria Bello
1667,>Chuck Noll
1668,>Lauren Bacall
1669,>Ian Mckellen
1670,>Brittany Snow
1671,>Dutch Ruppersberger
1672,>Ludwig van Beethoven
1673,>John Milius
1674,>Fred Thompson
1675,>Samuel Johnson
1676,>Sheri L. Dew
1677,>Ray Kroc
1678,>Kimbal Musk
1679,>David Bautista
1680,>Pawan Kalyan
1681,>W. E. B. Du Bois
1682,>Whoopi Goldberg
1683,>Dylan Moran
1684,>Steve Martin
1685,>Honore de Balzac
1686,>May Sarton
1687,>Gregory Bateson
1688,>Natalie Massenet
1689,>George Gershwin
1690,>William Hazlitt
1691,>Bessie Anderson Stanley
1692,>Wilma Rudolph
1693,>Josh Billings
1694,>Dale Dauten
1695,>Arthur Rubinstein
1696,>Mary Baker Eddy
1697,>Michael Douglas
1698,>Sam Hunt
1699,>Leonard Mlodinow
1700,>Charles de Lint
1701,>Jerry Hall
1702,>Dee Hock
1703,>Charles Duhigg
1704,>Thomas Aquinas
1705,>Nancy Gibbs
1706,>Kayla Tausche
1707,>Naveen Jain
1708,>Marco Rubio
1709,>John Mayall
1710,>Shirley Jones
1711,>Og Mandino
1712,>Julie Klausner
1713,>Mother Angelica
1714,>Elbert Hubbard
1715,>Bernie Siegel
1716,>Larry David
1717,>Hugh Jackman
1718,>Henry Ward Beecher
1719,>Sam Walton
1720,>Rumi
1721,>Hannah Simone
1722,>Jennifer Lawrence
1723,>Cyril Connolly
1724,>Willa Cather
1725,>Yotam Ottolenghi
1726,>Sarah McLachlan
1727,>Jesse Tyler Ferguson
1728,>Hu Jintao
1729,>H. L. Mencken
1730,>Leo Buscaglia
1731,>Gabriel Garcia Marquez
1732,>Ray Kroc
1733,>Moliere
1734,>Bob Marley
1735,>Caroline Knapp
1736,>Mark Twain
1737,>Anthony J. D'Angelo
1738,>Bernard Baruch
1739,>Leo Tolstoy
1740,>Rakul Preet Singh
1741,>Drew Barrymore
1742,>Abraham Maslow
1743,>Robert J. Shiller
1744,>Stefon Harris
1745,>Sophie Kinsella
1746,>Louisa May Alcott
1747,>Anatole France
1748,>Thomas J. Watson
1749,>Brie Larson
1750,>Abhishek Bachchan
1751,>Sandra Bullock
1752,>Toby Young
1753,>Audrey Hepburn
1754,>Michael Korda
1755,>Troy Polamalu
1756,>Steve Blank
1757,>Martin O'Malley
1758,>Anna Neagle
1759,>Danica Patrick
1760,>T. Boone Pickens
1761,>Mother Teresa
1762,>Honore de Balzac
1763,>Claire Danes
1764,>Laura Ingalls Wilder
1765,>Paula Cole
1766,>Phillips Brooks
1767,>James E. Faust
1768,>Joan of Arc
1769,>George Herbert
1770,>Conor McGregor
1771,>Friedrich Nietzsche
1772,>Edmund White
1773,>Oscar Hammerstein II
1774,>Hassanal Bolkiah
1775,>Rick Perlstein
1776,>T.I.
1777,>Bill Cosby
1778,>Anna Benson
1779,>Terry Pratchett
1780,>Klaus Schwab
1781,>Clint Eastwood
1782,>Eustace Budgell
1783,>Ruth Reichl
1784,>Calvin Trillin
1785,>Becky G
1786,>Honore de Balzac
1787,>Michael Stipe
1788,>Don Johnson
1789,>Aaron Sorkin
1790,>Eckhart Tolle
1791,>Maya Angelou
1792,>Johnny Weir
1793,>Jerry West
1794,>Valerie Bertinelli
1795,>Lakshmi Mittal
1796,>Publilius Syrus
1797,>Friedrich Schiller
1798,>Ben Shapiro
1799,>Carl von Clausewitz
1800,>Sidney Hook
1801,>Enda Kenny
1802,>Linda Fiorentino
1803,>Charlie Hunnam
1804,>Randy Bachman
1805,>Saint Bernard
1806,>William Blake
1807,>Tena Desae
1808,>Sophia Loren
1809,>Ernest Hemingway
1810,>Bertrand Russell
1811,>Sean Lennon
1812,>Lilly Singh
1813,>David Duchovny
1814,>Tom Bodett
1815,>Nick Cannon
1816,>Oscar Wilde
1817,>Jim Rohn
1818,>Zbigniew Brzezinski
1819,>Zig Ziglar
1820,>Khalil Gibran
1821,>Jane Austen
1822,>George Foreman
1823,>Rick Astley
1824,>Debbie Reynolds
1825,>George Takei
1826,>Do Won Chang
1827,>Friedrich Nietzsche
1828,>Pat Buchanan
1829,>Pearl S. Buck
1830,>Michelle Bachelet
1831,>Henry Van Dyke
1832,>William Christopher Handy
1833,>Ashton Kutcher
1834,">Odell Beckham, Jr."
1835,>Alec Baldwin
1836,>Plato
1837,>Sydney J. Harris
1838,>Henri Nouwen
1839,>Swami Sivananda
1840,>Henry Ford
1841,>Elie Wiesel
1842,>Lupita Nyong'o
1843,>Napoleon Hill
1844,>Albert Einstein
1845,>Ken Kesey
1846,>Berthe Morisot
1847,>Brooks Adams
1848,>Isaac Asimov
1849,>Barack Obama
1850,>Charles Caleb Colton
1851,>Randeep Hooda
1852,>Elizabeth Bibesco
1853,>Satya Nadella
1854,>Ben Bernanke
1855,>B. R. Ambedkar
1856,>Mary Kay Ash
1857,>Young Jeezy
1858,>Andrew Sullivan
1859,>Denis Waitley
1860,>Jonathan Swift
1861,>Scott Weiss
1862,>Alton Brown
1863,>William Eardley IV
1864,>Alain de Botton
1865,>Harvey Fierstein
1866,>Angela Merkel
1867,>Amos Bronson Alcott
1868,>Confucius
1869,>W. C. Fields
1870,>Thomas J. Watson
1871,>Thomas Jefferson
1872,>Pablo Picasso
1873,>Mother Teresa
1874,>Julian Castro
1875,>Joel Madden
1876,>Chanakya
1877,>John Ortberg
1878,>Richard Dawkins
1879,>Brigham Young
1880,>Joey Adams
1881,>Natalie Cole
1882,>Billy Crystal
1883,>Karl A. Menninger
1884,>Maria Mitchell
1885,>Robert Baden-Powell
1886,>Pierre Teilhard de Chardin
1887,>Barry White
1888,>Tom Holland
1889,>Selena Gomez
1890,>Gilbert Parker
1891,>Jean Paul
1892,>Mark Cuban
1893,>Rumi
1894,>Michael J. Fox
1895,>Robin Williams
1896,>Michael Mosley
1897,>Mother Teresa
1898,>Pico Iyer
1899,>Padma Lakshmi
1900,>Leo Buscaglia
1901,>Natalie Portman
1902,>Andrew Weil
1903,>Jakob Bohme
1904,>Bee Wilson
1905,>Benjamin Franklin
1906,>Susan Choi
1907,>Henry Ward Beecher
1908,>Zoe Foster Blake
1909,>William Cowper
1910,>Randy Forbes
1911,>Nathan Myhrvold
1912,>Gary Johnson
1913,>Walt Whitman
1914,>Tobias Smollett
1915,>Henry Wadsworth Longfellow
1916,>Sean Duffy
1917,>Samuel Smiles
1918,>Samuel Smiles
1919,>Martin Scorsese
1920,>Liu Xiaobo
1921,>Albert Einstein
1922,>Michael Pollan
1923,>Cindy Sheehan
1924,>Dan Gilbert
1925,>Malcolm Mclaren
1926,>Phil Donahue
1927,>Paul Craig Roberts
1928,>Arnold Palmer
1929,>Lactantius
1930,>Michele Bachmann
1931,>Tina Turner
1932,>Kurt Cobain
1933,>Jean Rostand
1934,>Brenda Song
1935,>Benjamin Disraeli
1936,>Beyonce Knowles
1937,>Bill Medley
1938,>Anne Morrow Lindbergh
1939,>J. Paul Getty
1940,>William Blake
1941,>Michael Foreman
1942,>Henry Cloud
1943,>N. R. Narayana Murthy
1944,>Michael Gove
1945,>John Donne
1946,>Caleb Johnson
1947,>Honore de Balzac
1948,>Boris Pasternak
1949,>Iyanla Vanzant
1950,>Kirsten Sweetland
1951,>William Lyon Phelps
1952,>Austin O'Malley
1953,>Ralph Waldo Emerson
1954,>James Newman
1955,>Tim Harford
1956,>Jim Carrey
1957,>Edwin Markham
1958,>Neil Gaiman
1959,>Lao Tzu
1960,>David Wilkerson
1961,>KSI
1962,>Doris Lessing
1963,>Brooke Shields
1964,>Mehmet Oz
1965,>Kevin O'Leary
1966,>Langston Hughes
1967,>Lal Bahadur Shastri
1968,>Oscar Wilde
1969,>Jim Rohn
1970,>Rob Thomas
1971,>Thomas J. Watson
1972,>Robert Kiyosaki
1973,>Conor Oberst
1974,>Oprah Winfrey
1975,>Bernie Siegel
1976,>Xi Jinping
1977,>Abigail Spencer
1978,>Bindi Irwin
1979,>Angela Davis
1980,>Bryce Dallas Howard
1981,>Rick Perry
1982,>Katarina Johnson-Thompson
1983,>Zane Grey
1984,>Jeb Bush
1985,>Plato
1986,>Doug Larson
1987,>Jennifer Lopez
1988,>Billy Graham
1989,>Jeremy Sisto
1990,>James Allen
1991,>Mario Batali
1992,>Drake
1993,>Andre Maurois
1994,>Sandra Lee
1995,>Carl Hagelin
1996,>Mark Caine
1997,>Ashley Madekwe
1998,>Al Lopez
1999,>Angelina Jolie
2000,>Dale Turner
2001,>Mike Ditka
2002,>Greg Bear
2003,>Satya Nadella
2004,>William Howard Taft
2005,>Bradley Chicho
2006,>Jeffrey Gitomer
2007,>Eliza Dushku
2008,>E. O. Wilson
2009,>Goldie Hawn
2010,>Confucius
2011,>Thomas A. Edison
2012,>Euripides
2013,>Michael Pollan
2014,>Hill Harper
2015,>Sue Townsend
2016,>Shemar Moore
2017,>Jeff Bridges
2018,>Michael Korda
2019,>Mel Gibson
2020,>Jeffrey Kluger
2021,>Brigitte Bardot
2022,>Sloane Crosley
2023,>Georg C. Lichtenberg
2024,>Ralph Waldo Emerson
2025,>Jennifer Aniston
2026,>Shmuel Yosef Agnon
2027,>Aeschylus
2028,>Henry Rollins
2029,>Pele
2030,>Jean Cocteau
2031,>Hermann Hesse
2032,>Kat Graham
2033,>Dr. Seuss
2034,>Myles Munroe
2035,>Robert Hall
2036,>Charles Caleb Colton
2037,>Vince Lombardi
2038,>Marcus Tullius Cicero
2039,>Elbert Hubbard
2040,>John W. Gardner
2041,>Laurence D. Fink
2042,>Steve Carell
2043,>Anne Campbell
2044,>Jim Rohn
2045,>Dwight D. Eisenhower
2046,>Maria Montessori
2047,>Arnold H. Glasow
2048,>Paul Craig Roberts
2049,>Dwayne Johnson
2050,>Sophia Loren
2051,>T. Boone Pickens
2052,>Angelina Jolie
2053,>Hart Crane
2054,>Munshi Premchand
2055,>Henry Rollins
2056,>Marcus Tullius Cicero
2057,>Elbert Hubbard
2058,>Alain Ducasse
2059,>Neil Patrick Harris
2060,>Henry Petroski
2061,>Lindsey Buckingham
2062,>Lee Atwater
2063,>Lord Byron
2064,>Marcelene Cox
2065,>Richard P. Feynman
2066,>Og Mandino
2067,">Oliver Wendell Holmes, Sr."
2068,>Anthony Hopkins
2069,>Suzanne Somers
2070,>Kenny Loggins
2071,>Mary Berry
2072,>Napoleon Bonaparte
2073,>Peter Diamandis
2074,>Joe Bastianich
2075,>Jonathan Ive
2076,>Billy Graham
2077,>Ali Larter
2078,>H. Rap Brown
2079,>Alan Greenspan
2080,>George Bernard Shaw
2081,>Michelle Obama
2082,>Sofia Milos
2083,>Jamie Oliver
2084,>Jeff Lemire
2085,>St. Jerome
2086,>Paul Bryant
2087,>Richard Bach
2088,>Isaac Watts
2089,>Louise Fresco
2090,>Andie MacDowell
2091,>William Hazlitt
2092,>Malcolm X
2093,>Ryan Holiday
2094,>Gilbert Parker
2095,>Justin Zackham
2096,>Marcia Gay Harden
2097,>Roger Federer
2098,>Anna Quindlen
2099,>Seth Shostak
2100,>Isaac Asimov
2101,>John James Audubon
2102,>Anna Pavlova
2103,>Heidi Roizen
2104,>Lydia Millet
2105,>Peter Abelard
2106,>Ernest Hemingway
2107,>The Weeknd
2108,>John McEnroe
2109,>Karl Wilhelm Friedrich Schlegel
2110,>Benjamin Disraeli
2111,>Henry Ward Beecher
2112,>Ziggy Marley
2113,>Peter Conrad
2114,">Harry Connick, Jr."
2115,>Paulo Coelho
2116,>Ruth Glick
2117,>Ray Bradbury
2118,>A. J. Liebling
2119,>Lionel Messi
2120,>Whit Stillman
2121,>Joyce Meyer
2122,>George Edward Woodberry
2123,>W. Clement Stone
2124,>Daniel Defoe
2125,>Jamie Oliver
2126,>Marina Abramovic
2127,>Henry David Thoreau
2128,>Rochelle Aytes
2129,>Khalil Gibran
2130,>Matt Cameron
2131,>John C. Calhoun
2132,>Dick Van Dyke
2133,>Bob Hoskins
2134,>Tony DiTerlizzi
2135,>Christopher Dodd
2136,>Joseph Roux
2137,>Edward G. Bulwer-Lytton
2138,>Dean Koontz
2139,>Morgan Fairchild
2140,>Marine Le Pen
2141,>Stephen Covey
2142,>Morgan Freeman
2143,>Jon Favreau
2144,>Elizabeth Kapu'uwailani Lindsey
2145,>David Sarnoff
2146,>George Jean Nathan
2147,>Jodie Foster
2148,>Napoleon Hill
2149,>Douglas Rushkoff
2150,>Ernest Holmes
2151,>Ciara
2152,>Justin Welby
2153,>Joel Osteen
2154,>Luke Macfarlane
2155,>Hillary Clinton
2156,>Octavia Spencer
2157,>Alex Berenson
2158,>Olympia Snowe
2159,>Rachel Nichols
2160,>Zach Anner
2161,>Jillian Rose Banks
2162,>Noureen DeWulf
2163,>Epicurus
2164,>Rachael Ray
2165,>George Whitefield
2166,>George Eliot
2167,>Michio Kaku
2168,>Donald Knuth
2169,>Mortimer Adler
2170,>Sylvia Browne
2171,>Emma Watson
2172,>Bill Berry
2173,>William Feather
2174,>Anupam Kher
2175,>Rand Paul
2176,>Cynthia Kenyon
2177,>Mark Twain
2178,>Julia Child
2179,>T. Harv Eker
2180,>Mahatma Gandhi
2181,>Steve Jobs
2182,>Nargis Fakhri
2183,>Albert Einstein
2184,>Brian O'Driscoll
2185,>Dale Carnegie
2186,>Brie Larson
2187,>Stephen Gardiner
2188,>Theophile Gautier
2189,>Ted Turner
2190,>Marilu Henner
2191,>Charles Lindbergh
2192,>Jimmy Carter
2193,>Keegan Allen
2194,>Tammy Wynette
2195,>Henry Van Dyke
2196,>Evan Davis
2197,>Bryan Batt
2198,>Jonathan Haidt
2199,>David Dinkins
2200,>Felix Dennis
2201,>Martha Stewart
2202,>Conor Oberst
2203,>Havelock Ellis
2204,>Elizabeth Warren
2205,>Pierre Dukan
2206,>Mark Skousen
2207,>Jonathan Kozol
2208,>Francois de La Rochefoucauld
2209,>Annie Lennox
2210,>Marilyn Monroe
2211,>Samuel Smiles
2212,>Mireille Guiliano
2213,>Sasha Cohen
2214,>Suze Orman
2215,>Gates McFadden
2216,>Benjamin Franklin
2217,>Boy George
2218,>Sam Hunt
2219,>Unknown
2220,>Marcus Tullius Cicero
2221,>Neil Patrick Harris
2222,>Mao Zedong
2223,>Gordon Brown
2224,>Rainer Maria Rilke
2225,>Andrew Ross Sorkin
2226,>Alec Baldwin
2227,>Seth Shostak
2228,>Gerard Way
2229,>Jean de La Fontaine
2230,>Nicholas Negroponte
2231,>Daniel H. Pink
2232,>Shailene Woodley
2233,>Queen Rania of Jordan
2234,>Nate Silver
2235,>Missy Elliott
2236,>David Byrne
2237,>Michael Eric Dyson
2238,>Stephen Colbert
2239,>Esperanza Spalding
2240,>Denis Waitley
2241,>Grace Gealey
2242,>Honore de Balzac
2243,>Robert Louis Stevenson
2244,>Jessye Norman
2245,>Robert Fripp
2246,>Reese Witherspoon
2247,>Oscar Wilde
2248,>Paul Johnson
2249,>Cindy Morgan
2250,>Kaui Hart Hemmings
2251,>Peter Marshall
2252,>Leo Tolstoy
2253,>Raquel Welch
2254,>Bill Gates
2255,>Alice Paul
2256,>Humphrey Carpenter
2257,>Helen Rowland
2258,>Eleanor Roosevelt
2259,>Henry Ward Beecher
2260,>Plautus
2261,>Erma Bombeck
2262,>George Jessel
2263,>Socrates
2264,>Fran Lebowitz
2265,>Simon Sinek
2266,>Avigdor Lieberman
2267,>Lao Tzu
2268,">H. Jackson Brown, Jr."
2269,>Sophia Bush
2270,>Andrew J. Bernstein
2271,>Thomas A. Edison
2272,>Steve Jobs
2273,>Gary Ryan Blair
2274,>Lisa Marie Presley
2275,>Megan Fox
2276,>Carol Alt
2277,>Gary Herbert
2278,>Sting
2279,>Charles Morgan
2280,>Harriet Beecher Stowe
2281,>Quentin Crisp
2282,>Eddie Cantor
2283,>Anita Ekberg
2284,>Dawn French
2285,>Rachel Nichols
2286,>Thomas a Kempis
2287,>Wolfgang Amadeus Mozart
2288,>Simon Cowell
2289,>Oriana Fallaci
2290,>Alfred North Whitehead
2291,>Francis of Assisi
2292,>Elbert Hubbard
2293,>Leo Buscaglia
2294,>Victor Hugo
2295,>Amy Winehouse
2296,>Ben Peek
2297,>Eminem
2298,>Mike Birbiglia
2299,>Roxane Gay
2300,>Will Smith
2301,>Drew Houston
2302,>Isla Fisher
2303,>Solange Knowles
2304,>Bobbie Ann Mason
2305,>Brian Tracy
2306,>Keke Palmer
2307,>Samuel Smiles
2308,>Monica Seles
2309,>Patrick Kavanagh
2310,>Conor McGregor
2311,>Drew Barrymore
2312,>Tom DeLonge
2313,>Michel de Montaigne
2314,>Rabindranath Tagore
2315,>John Cheever
2316,>H. L. Mencken
2317,>Zig Ziglar
2318,>Uday Kiran
2319,>Woody Harrelson
2320,>Honore de Balzac
2321,>Bob Newhart
2322,>Lucretius
2323,>Sidney Lanier
2324,>Christopher Knight
2325,>Mother Angelica
2326,>Desiderius Erasmus
2327,>Malcolm Mclaren
2328,>Thomas Merton
2329,>Christopher Morley
2330,>William James
2331,>Adam Braun
2332,>Justine Larbalestier
2333,>Lynn Good
2334,>W. H. Auden
2335,>Aesop
2336,>Neil Gaiman
2337,>Joseph Joubert
2338,>Ron Chernow
2339,>Mary Archer
2340,>Leonardo da Vinci
2341,>Gloria Steinem
2342,>Ben Shapiro
2343,>Paul Valery
2344,>Amal Clooney
2345,>Michelle Obama
2346,>Eric Alterman
2347,>Matthew McConaughey
2348,>Gavin Hood
2349,>Lydia M. Child
2350,>Natalie Portman
2351,>Bob Marley
2352,>Naveen Jain
2353,>Ian Dunbar
2354,>Jennifer Ellison
2355,>Juhi Chawla
2356,>Frederick William Robertson
2357,>Rand Paul
2358,>Ted Allen
2359,>Oscar Wilde
2360,>Mary Berry
2361,>Ken Venturi
2362,>Brian Tracy
2363,>Terry Pratchett
2364,>Mark Twain
2365,>Alexandre Dumas
2366,>William Feather
2367,>Woody Hayes
2368,>David Nicholls
2369,>Henry J. Heinz
2370,>James Cash Penney
2371,>Jenna McCarthy
2372,>Elena Kagan
2373,>Tom Robbins
2374,>Charles Peguy
2375,>Samuel Taylor Coleridge
2376,>Samuel Johnson
2377,>Jerry Brown
2378,>Pietro Aretino
2379,>Sarah McLachlan
2380,>Ginger Rogers
2381,>Stanley Hauerwas
2382,">Edward Whitacre, Jr."
2383,>Henry Ford
2384,>Madonna Ciccone
2385,>Michelle Bachelet
2386,>Mark Frauenfelder
2387,>Jane Campion
2388,>Steve Jobs
2389,>Ravi Zacharias
2390,>Joe Jamail
2391,>Johann Wolfgang von Goethe
2392,>Joseph Campbell
2393,>Daisaku Ikeda
2394,>Henry David Thoreau
2395,>Karen Horney
2396,>George Sand
2397,>William Shakespeare
2398,>Socrates
2399,>Mstislav Rostropovich
2400,>Ann Landers
2401,>Jeff Sessions
2402,>John Ortberg
2403,>Lou Holtz
2404,>Pierre Teilhard de Chardin
2405,>Samuel Smiles
2406,>Wilbur Wright
2407,">George Allen, Sr."
2408,>Lao Tzu
2409,>Taylor Swift
2410,>Paulo Coelho
2411,>Walter Elliot
2412,">H. Jackson Brown, Jr."
2413,>Nicholas Kristof
2414,>John Grant
2415,>Kendrick Lamar
2416,>Joseph Addison
2417,">Harry Connick, Jr."
2418,>John Cleese
2419,>Steve Wynn
2420,>Davy Crockett
2421,>Ron White
2422,>Richard Lamm
2423,>Jill Scott
2424,>Norman Borlaug
2425,>Grover Norquist
2426,>Robert Louis Stevenson
2427,>David R. Ellis
2428,>Robin Morgan
2429,>Lucius Annaeus Seneca
2430,>Audrey Hepburn
2431,>Zig Ziglar
2432,>Philip Treacy
2433,>Brie Larson
2434,>Salman Rushdie
2435,>Sam Levenson
2436,>Thomas Merton
2437,>Harvey Weinstein
2438,>Kate Winslet
2439,>Zadie Smith
2440,>Guy Laliberte
2441,>Elon Musk
2442,>Yotam Ottolenghi
2443,>David Malpass
2444,>Ted Cruz
2445,>Ariana Grande
2446,>Chesley Sullenberger
2447,>Mikhail Lermontov
2448,>Leonardo da Vinci
2449,>Timothy Leary
2450,>Helen Rowland
2451,>Elisabeth Kubler-Ross
2452,>Martin H. Fischer
2453,>James A. Garfield
2454,>Julie Andrews
2455,>Steven Pinker
2456,>Joel Osteen
2457,>William Tecumseh Sherman
2458,>Jackie Kennedy
2459,>Michael Jordan
2460,>James Altucher
2461,>William Christopher Handy
2462,>Richard Branson
2463,>Mark Skousen
2464,>Anna Held
2465,>Kygo
2466,>John Updike
2467,>Booker T. Washington
2468,>Jane Fonda
2469,>Scott Weiss
2470,>John Ciardi
2471,>Benjamin Franklin
2472,>Solange Knowles
2473,>Naveen Jain
2474,>Bette Davis
2475,>Calvin Trillin
2476,>Alfred North Whitehead
2477,>George Santayana
2478,>Jaron Lanier
2479,>Oprah Winfrey
2480,>Amy Tan
2481,>Eric Hoffer
2482,">H. Jackson Brown, Jr."
2483,>Virgil
2484,>David Merrick
2485,>Jeff Nichols
2486,>Cesar Chavez
2487,>Marilyn Ferguson
2488,>Art Donovan
2489,>Garret Dillahunt
2490,>Michael Crichton
2491,>Andrew Ross Sorkin
2492,>Ricky Martin
2493,>Karan Mahajan
2494,>Nolan Bushnell
2495,>Diane Lane
2496,>Henry Cavill
2497,>Jackie Kennedy
2498,>John O'Donohue
2499,>Leonardo DiCaprio
2500,>Lisa Marie Presley
2501,>Steve Jobs
2502,>P. J. O'Rourke
2503,>Michael Bergdahl
2504,>Joel Edgerton
2505,>Warren Bennis
2506,>Aly Raisman
2507,>Earl Wilson
2508,>Isaac Mizrahi
2509,>Maria Montessori
2510,>Sarah Jessica Parker
2511,>Claire Danes
2512,>Aeschylus
2513,>Andrew Shue
2514,>Julian Baggini
2515,>Debra Winger
2516,>Gordon B. Hinckley
2517,>Emma Watson
2518,>Calvin Coolidge
2519,>Robin Quivers
2520,>Mark Cuban
2521,>Leo Strauss
2522,>Rumi
2523,>Regina Hall
2524,>Kinky Friedman
2525,>Ludwig Wittgenstein
2526,>Jean de La Fontaine
2527,>Alia Bhatt
2528,>Oliver E. Williamson
2529,>Eamon de Valera
2530,>Albert Einstein
2531,>Boethius
2532,>Peter Berg
2533,>Bill Cosby
2534,>Alan King
2535,>Chuck Palahniuk
2536,>David Russell
2537,>James Comey
2538,>Drew Barrymore
2539,>Audrey Hepburn
2540,>Iyanla Vanzant
2541,>John Wooden
2542,>John C. Maxwell
2543,>Scott Adams
2544,>Camille Paglia
2545,">Martin Luther King, Jr."
2546,>Norman Maclean
2547,>Kendrick Lamar
2548,>Anthony Michael Hall
2549,>Ezra Taft Benson
2550,>Lou Holtz
2551,>Sholom Aleichem
2552,>Ambrose Bierce
2553,>Neal Barnard
2554,>Dreama Walker
2555,>Gustav Mahler
2556,>Henry Walter Bates
2557,>Ross Mathews
2558,>Theodore Roosevelt
2559,>Andy Warhol
2560,>Douglas Conant
